ammo_410g,ammo_410g_mike4
arscope_vz01_rsierra,arscope_vz01_rsierra_amp
arscope_vz02_rsierra,arscope_vz02_rsierra_amp
jup_acharlie300_amp,jup_acharlie300_ironsdefault
jup_acharlie300_amp,jup_acharlie300_rec
jup_acharlie300_amp,jup_acharlie_amp_300blk
jup_acharlie300_amp,jup_jp19_ar_acharlie300_bar_lgtlong
jup_acharlie300_amp,jup_jp19_ar_acharlie300_mag_20_blk
jup_acharlie300_amp,jup_jp19_ar_acharlie300_mag_30_blk
jup_acharlie300_amp,jup_jp19_ar_acharlie300_mag_40_blk
jup_acharlie300_amp,jup_jp19_ar_acharlie300_pgrip_ass
jup_acharlie300_amp,jup_jp19_ar_acharlie300_stockno
jup_acharlied_amp,jup_jp19_dm_acharlied_mag_20_68r_amp
jup_jp19_dm_acharlied_mag_20_68r_amp,jup_acharlied_amp_rec
jup_jp19_dm_acharlied_mag_20_68r_amp,jup_acharlied_selectauto
jup_jp19_dm_acharlied_mag_20_68r_amp,jup_jp19_dm_acharlied_stock_tacheavy
jup_ammo_12g_br,jup_oromeo12_ammo_12g_br
jup_ammo_12g_br,jup_recho870_ammo_12g_br
jup_cp01_ar_stock,jup_cp01_sm_coscar635_ar_stock
jup_cp01_ar_stock_assault,jup_cp01_sm_coscar635_ar_stock_assault
jup_cp01_ar_stock_light,jup_cp01_sm_coscar635_ar_stock_light
jup_cp01_ar_stock_tactical,jup_cp01_sm_coscar635_ar_stock_tactical
jup_cp01_bar,jup_cp01_sh_aromeo410_bar
jup_cp01_bar,jup_cp01_sm_coscar635_bar
jup_cp01_bar_amp,jup_coscar635_amp_rec
jup_cp01_bar_amp,jup_cp01_sm_coscar635_bar_amp
jup_cp01_bar_heavy,jup_cp01_sm_coscar635_bar_heavy
jup_cp01_bar_lgtshort_mike4,jup_cp01_sm_coscar635_bar_lgtshort_mike4
jup_cp01_bar_light_mike4,jup_cp01_sm_coscar635_bar_light_mike4
jup_cp01_bar_long,jup_cp01_sh_aromeo410_bar_long
jup_cp01_bar_long_mike4,jup_cp01_sm_coscar635_bar_long_mike4
jup_cp01_bar_mike4,jup_cp01_sm_coscar635_bar_mike4
jup_cp01_bar_shorthvy,jup_cp01_sh_aromeo410_bar_shorthvy
jup_cp01_bar_shorthvy,jup_cp01_sm_coscar635_bar_shorthvy
jup_cp01_bar_shorthvy2,jup_cp01_sm_coscar635_bar_shorthvy2
jup_cp01_barsil,jup_cp01_sh_aromeo410_barsil
jup_cp01_barsil2,jup_cp01_sm_coscar635_barsil2
jup_cp01_barsil3,jup_cp01_sm_coscar635_barsil3
jup_cp01_drum_100_9mm,jup_cp01_sm_coscar635_drum_100_9mm
jup_cp01_mag_16_410g,jup_cp01_sh_aromeo410_mag_16_410g
jup_cp01_mag_20_9mm,jup_cp01_sm_coscar635_mag_20_9mm
jup_cp01_mag_30_9mm,jup_cp01_sm_coscar635_mag_30_9mm
jup_cp01_mag_32_410g,jup_cp01_sh_aromeo410_mag_32_410g
jup_cp01_mag_410g,jup_cp01_mag_15_410g
jup_cp01_mag_410g,jup_cp01_mag_30_410g
jup_cp01_mag_410g,jup_cp01_mag_8_410g
jup_cp01_mag_8_410g,jup_cp01_sh_aromeo410_mag_8_410g
jup_cp01_mag_50_9mm,jup_cp01_sm_coscar635_mag_50_9mm
jup_cp01_pgrip,jup_cp01_sh_aromeo410_pgrip
jup_cp01_pgrip,jup_cp01_sm_coscar635_pgrip
jup_cp01_pgrip_aim,jup_cp01_sm_coscar635_pgrip_aim
jup_cp01_pgrip_ass,jup_cp01_sh_aromeo410_pgrip_ass
jup_cp01_pgrip_ass,jup_cp01_sm_coscar635_pgrip_ass
jup_cp01_pgrip_ske,jup_cp01_sm_coscar635_pgrip_ske
jup_cp01_pgrip_skelass,jup_cp01_sh_aromeo410_pgrip_skelass
jup_cp01_pgrip_skelass,jup_cp01_sm_coscar635_pgrip_skelass
jup_cp01_pgrip_skelsnp,jup_cp01_sh_aromeo410_pgrip_skelsnp
jup_cp01_pgrip_skelsnp,jup_cp01_sm_coscar635_pgrip_skelsnp
jup_cp01_pgrip_tac,jup_cp01_sh_aromeo410_pgrip_tac
jup_cp01_pgrip_tac,jup_cp01_sm_coscar635_pgrip_tac
jup_cp01_stock,jup_cp01_sh_aromeo410_stock
jup_cp01_stock,jup_cp01_sm_coscar635_stock
jup_cp01_stock_assault,jup_cp01_sh_aromeo410_stock_assault
jup_cp01_stock_assault,jup_cp01_sm_coscar635_stock_assault
jup_cp01_stock_carbine,jup_cp01_sh_aromeo410_stock_carbine
jup_cp01_stock_carbine,jup_cp01_sm_coscar635_stock_carbine
jup_cp01_stock_hvycarbine,jup_cp01_sh_aromeo410_stock_hvycarbine
jup_cp01_stock_hvycarbine,jup_cp01_sm_coscar635_stock_hvycarbine
jup_cp01_stock_light,jup_cp01_sm_coscar635_stock_light
jup_cp01_stock_precision,jup_cp01_sm_coscar635_stock_precision
jup_cp01_stock_taclight,jup_cp01_sh_aromeo410_stock_taclight
jup_cp01_stock_taclight,jup_cp01_sm_coscar635_stock_taclight
jup_cp01_stock_ultlight,jup_cp01_sh_aromeo410_stock_ultlight
jup_cp01_stock_ultlight,jup_cp01_sm_coscar635_stock_ultlight
jup_cp01_stock_ultlight2,jup_cp01_sh_aromeo410_stock_ultlight2
jup_cp01_stock_ultlight2,jup_cp01_sm_coscar635_stock_ultlight2
jup_cp01_stockno,jup_cp01_sh_aromeo410_stockno
jup_cp01_stockno,jup_cp01_sm_coscar635_stockno
jup_cp05_bar,jup_cp05_lm_halpha_bar
jup_cp05_bar_light,jup_cp05_lm_halpha_bar_light
jup_cp05_bar_long,jup_cp05_lm_halpha_bar_long
jup_cp05_bar_short,jup_cp05_lm_halpha_bar_short
jup_cp05_drum_150_762n,jup_cp05_lm_halpha_drum_150_762n
jup_cp05_drum_75_762n,jup_cp05_lm_halpha_drum_75_762n
jup_cp05_mag_45_762n,jup_cp05_lm_halpha_mag_45_762n
jup_cp05_pgrip,jup_cp05_lm_halpha_pgrip
jup_cp05_pgrip_aim,jup_cp05_lm_halpha_pgrip_aim
jup_cp05_pgrip_ass,jup_cp05_lm_halpha_pgrip_ass
jup_cp05_pgrip_snp,jup_cp05_lm_halpha_pgrip_snp
jup_cp05_pgrip_tac,jup_cp05_lm_halpha_pgrip_tac
jup_cp05_stock,jup_cp05_lm_halpha_stock
jup_cp05_stock_ass,jup_cp05_lm_halpha_stock_ass
jup_cp05_stock_hvy,jup_cp05_lm_halpha_stock_hvy
jup_cp05_stock_lgt,jup_cp05_lm_halpha_stock_lgt
jup_cp05_stock_tac,jup_cp05_lm_halpha_stock_tac
jup_cp06_bar,jup_cp06_ar_falpha_bar
jup_cp06_blong,jup_cp06_ar_falpha_blong
jup_cp06_bshort,jup_cp06_ar_falpha_bshort
jup_cp06_bshort2,jup_cp06_ar_falpha_bshort2
jup_cp06_comb,jup_cp06_ar_falpha_comb
jup_cp06_comb_ergo,jup_cp06_ar_falpha_comb_ergo
jup_cp06_comb_heavy,jup_cp06_ar_falpha_comb_heavy
jup_cp06_comb_tactical,jup_cp06_ar_falpha_comb_tactical
jup_cp06_mag,jup_cp06_ar_falpha_mag
jup_cp06_mag_large,jup_cp06_ar_falpha_mag_large
jup_cp06_mag_xlarge,jup_cp06_ar_falpha_mag_xlarge
jup_cp06_pgrip,jup_cp06_ar_falpha_pgrip
jup_cp06_pgrip_aim,jup_cp06_ar_falpha_pgrip_aim
jup_cp06_pgrip_ass,jup_cp06_ar_falpha_pgrip_ass
jup_cp06_pgrip_tac,jup_cp06_ar_falpha_pgrip_tac
jup_cp06_stock,jup_cp06_ar_falpha_stock
jup_cp06_stock_heavy,jup_cp06_ar_falpha_stock_heavy
jup_cp06_stock_tactical,jup_cp06_ar_falpha_stock_tactical
jup_cp08_bar,jup_cp08_br_xmike5_bar
jup_cp08_bar_lgtlong,jup_cp08_br_xmike5_bar_lgtlong
jup_cp08_bar_lgtshort,jup_cp08_br_xmike5_bar_lgtshort
jup_cp08_bar_light,jup_cp08_br_xmike5_bar_light
jup_cp08_bar_long,jup_cp08_br_xmike5_bar_long
jup_cp08_bar_short,jup_cp08_br_xmike5_bar_short
jup_cp08_mag_20_277f,jup_cp08_br_xmike5_mag_20_277f
jup_cp08_mag_30_277f,jup_cp08_br_xmike5_mag_30_277f
jup_cp08_mag_45_277f,jup_cp08_br_xmike5_mag_45_277f
jup_cp08_pgrip,jup_cp08_br_xmike5_pgrip
jup_cp08_pgrip_aim,jup_cp08_br_xmike5_pgrip_aim
jup_cp08_pgrip_aim2,jup_cp08_br_xmike5_pgrip_aim2
jup_cp08_pgrip_ass,jup_cp08_br_xmike5_pgrip_ass
jup_cp08_pgrip_snp,jup_cp08_br_xmike5_pgrip_snp
jup_cp08_pgrip_tac,jup_cp08_br_xmike5_pgrip_tac
jup_cp08_stock,jup_cp08_br_xmike5_stock
jup_cp08_stock_folding,jup_cp08_br_xmike5_stock_folding
jup_cp08_stock_heavy,jup_cp08_br_xmike5_stock_heavy
jup_cp08_stock_hvyprecision,jup_cp08_br_xmike5_stock_hvyprecision
jup_cp08_stock_lgtprecision,jup_cp08_br_xmike5_stock_lgtprecision
jup_cp08_stock_light,jup_cp08_br_xmike5_stock_light
jup_cp08_stockno,jup_cp08_br_xmike5_stockno
jup_cp15_bar_heavy,jup_cp15_lm_mkilo3_bar_heavy
jup_cp15_bar_light,jup_cp15_lm_mkilo3_bar_light
jup_cp15_bar_long,jup_cp15_lm_mkilo3_bar_long
jup_cp15_bar_short,jup_cp15_lm_mkilo3_bar_short
jup_cp15_bar_sm,jup_cp15_lm_mkilo3_bar_sm
jup_cp15_belt,jup_cp15_lm_mkilo3_belt
jup_cp15_belt_large,jup_cp15_lm_mkilo3_belt_large
jup_cp15_mag_small,jup_cp15_lm_mkilo3_mag_small
jup_cp15_pgrip,jup_cp15_lm_mkilo3_pgrip
jup_cp15_pgrip_ass,jup_cp15_lm_mkilo3_pgrip_ass
jup_cp15_pgrip_tac,jup_cp15_lm_mkilo3_pgrip_tac
jup_cp15_stock,jup_cp15_lm_mkilo3_stock
jup_cp15_stock_heavy,jup_cp15_lm_mkilo3_stock_heavy
jup_cp15_stock_lgttactical,jup_cp15_lm_mkilo3_stock_lgttactical
jup_cp15_stock_light,jup_cp15_lm_mkilo3_stock_light
jup_cp15_stock_tactical,jup_cp15_lm_mkilo3_stock_tactical
jup_cp15_stockno,jup_cp15_lm_mkilo3_stockno
jup_cp24_bar,jup_cp24_pi_glima21_bar
jup_cp24_bar_hvylong,jup_cp24_pi_glima21_bar_hvylong
jup_cp24_bar_light,jup_cp24_pi_glima21_bar_light
jup_cp24_drum_40_45acp,jup_cp24_pi_glima21_drum_40_45acp
jup_cp24_glima21_amp,jup_cp24_pi_glima21_stockcc
jup_cp24_glima21_amp,jup_cp24_pi_glima21_stockcc_brace
jup_cp24_glima21_amp,jup_cp24_pi_glima21_stockcc_heavy
jup_cp24_glima21_amp,jup_cp24_pi_glima21_stockcc_light
jup_cp24_glima21_amp,jup_cp24_pi_glima21_stockno_cc
jup_cp24_glima21_amp,jup_cp24_pi_glima21_trigger_bi
jup_cp24_glima21_amp,jup_cp24_sm_glima21_bar_convert
jup_cp24_mag_13_45acp,jup_cp24_pi_glima21_mag_13_45acp
jup_cp24_mag_18_45acp,jup_cp24_pi_glima21_mag_18_45acp
jup_cp24_mag_30_45acp,jup_cp24_pi_glima21_mag_30_45acp
jup_cp24_pgrip,jup_cp24_pi_glima21_pgrip
jup_cp24_pgrip_aim,jup_cp24_pi_glima21_pgrip_aim
jup_cp24_pgrip_ass,jup_cp24_pi_glima21_pgrip_ass
jup_cp24_pgrip_ergo,jup_cp24_pi_glima21_pgrip_ergo
jup_cp24_pgrip_heavy,jup_cp24_pi_glima21_pgrip_heavy
jup_cp24_pgrip_quick,jup_cp24_pi_glima21_pgrip_quick
jup_cp24_pgrip_tac,jup_cp24_pi_glima21_pgrip_tac
jup_cp24_stock_tactical,jup_cp24_pi_glima21_stock_tactical
jup_cp24_stockno,jup_cp24_pi_glima21_stockno
jup_cp24_trigger,jup_cp24_pi_glima21_trigger
jup_cp24_trigger_hair,jup_cp24_pi_glima21_trigger_hair
jup_cp24_trigger_heavy,jup_cp24_pi_glima21_trigger_heavy
jup_cp24_trigger_light,jup_cp24_pi_glima21_trigger_light
jup_cp24_trigger_tac,jup_cp24_pi_glima21_trigger_tac
jup_halpha_amp,jup_cp05_halpha_amp
jup_halpha_amp,jup_cp05_lm_halpha_bar_bipod
jup_halpha_amp,jup_cp05_lm_halpha_drum_amp
jup_halpha_amp,jup_rec_halpha_amp
jup_cp05_lm_halpha_bar_bipod,jup_barbip_halpha
jup_jp01_amp,jup_golf36_rec_amp
jup_jp01_amp,jup_jp01_ar_golf36_bar_amp
jup_jp01_amp,jup_reflex08
jup_jp01_amp,jup_slima8_rec_amp
jup_jp01_ar_golf36_bar_amp,jup_jp01_dm_slima8_bar_amp
jup_reflex08,jup_reflex08_pstl
jup_reflex08,jup_reflex08_tall
jup_reflex08,jup_reflex08_tall_amp
jup_jp01_ar_golf36_bar_amp_dbar,jup_golf36_amp_dbar_rec
jup_jp01_ar_golf36_bar_amp_dbar,jup_jp01_ar_golf36_drum_amp_dbar
jup_jp01_ar_golf36_bar_amp_dbar,jup_jp01_ar_golf36_grip_amp_dbar
jup_jp01_bar,jup_jp01_ar_golf36_bar
jup_jp01_bar_fusion,jup_jp01_ar_golf36_bar_fusion
jup_jp01_bar_fusion,jup_jp01_dm_slima8_bar_fusion
jup_jp01_bar_fusion,jup_jp01_lm_mgolf36_bar_fusion
jup_jp01_bar_heavy,jup_jp01_ar_golf36_bar_heavy
jup_jp01_bar_heavy,jup_jp01_dm_slima8_bar_heavy
jup_jp01_bar_heavy,jup_jp01_lm_mgolf36_bar_heavy
jup_jp01_bar_heavy_bipod,jup_bipod_mgolf
jup_jp01_bar_heavy_bipod,jup_jp01_dm_slima8_bar_heavy_bipod
jup_jp01_bar_heavy_bipod,jup_jp01_lm_mgolf36_bar_heavy_bipod
jup_jp01_bar_heavy_long,jup_jp01_dm_slima8_bar_heavy_long
jup_jp01_bar_heavy_long,jup_jp01_lm_mgolf36_bar_heavy_long
jup_jp01_bar_light,jup_jp01_ar_golf36_bar_light
jup_jp01_bar_short,jup_jp01_ar_golf36_bar_short
jup_jp01_bar_short_heavy,jup_jp01_ar_golf36_bar_short_heavy
jup_jp01_bar_short_heavy,jup_jp01_lm_mgolf36_bar_short_heavy
jup_jp01_bar_short_marksman,jup_jp01_dm_slima8_bar_short_marksman
jup_jp01_comb_ammo,jup_jp01_dm_slima8_comb_ammo
jup_jp01_comb_default,jup_jp01_dm_slima8_comb_default
jup_jp01_comb_ergo,jup_jp01_dm_slima8_comb_ergo
jup_jp01_comb_pouch,jup_jp01_dm_slima8_comb_pouch
jup_jp01_comb_tactical,jup_jp01_dm_slima8_comb_tactical
jup_jp01_drum_100_556n,jup_jp01_lm_mgolf36_drum_100_556n
jup_jp01_drum_50_556n,jup_jp01_ar_golf36_drum_50_556n
jup_jp01_drum_50_556n,jup_jp01_lm_mgolf36_drum_50_556n
jup_jp01_mag_10_556n,jup_jp01_dm_slima8_mag_10_556n
jup_jp01_mag_20_556n,jup_jp01_ar_golf36_mag_20_556n
jup_jp01_mag_20_556n,jup_jp01_dm_slima8_mag_20_556n
jup_jp01_mag_30_556n,jup_jp01_ar_golf36_mag_30_556n
jup_jp01_mag_30_556n,jup_jp01_dm_slima8_mag_30_556n
jup_jp01_mag_40_556n,jup_jp01_ar_golf36_mag_40_556n
jup_jp01_mag_40_556n,jup_jp01_dm_slima8_mag_40_556n
jup_jp01_mag_40_556n,jup_jp01_lm_mgolf36_mag_40_556n
jup_jp01_pgrip,jup_jp01_ar_golf36_pgrip
jup_jp01_pgrip,jup_jp01_lm_mgolf36_pgrip
jup_jp01_pgrip_aim,jup_jp01_ar_golf36_pgrip_aim
jup_jp01_pgrip_aim,jup_jp01_lm_mgolf36_pgrip_aim
jup_jp01_pgrip_ske,jup_jp01_ar_golf36_pgrip_ske
jup_jp01_pgrip_ske,jup_jp01_lm_mgolf36_pgrip_ske
jup_jp01_pgrip_snp,jup_jp01_ar_golf36_pgrip_snp
jup_jp01_pgrip_snp,jup_jp01_lm_mgolf36_pgrip_snp
jup_jp01_pgrip_tac,jup_jp01_ar_golf36_pgrip_tac
jup_jp01_pgrip_tac,jup_jp01_lm_mgolf36_pgrip_tac
jup_jp01_stock_assault,jup_jp01_ar_golf36_stock_assault
jup_jp01_stock_assault,jup_jp01_lm_mgolf36_stock_assault
jup_jp01_stock_heavy,jup_jp01_ar_golf36_stock_heavy
jup_jp01_stock_heavy,jup_jp01_lm_mgolf36_stock_heavy
jup_jp01_stock_marksman_ergo,jup_jp01_dm_slima8_stock_marksman_ergo
jup_jp01_stock_marksman_padded,jup_jp01_dm_slima8_stock_marksman_padded
jup_jp01_stock_marksman_reduc,jup_jp01_dm_slima8_stock_marksman_reduc
jup_jp01_stock_marksman_rubber,jup_jp01_dm_slima8_stock_marksman_rubber
jup_jp01_stock_skel,jup_jp01_ar_golf36_stock_skel
jup_jp01_stock_tac,jup_jp01_ar_golf36_stock_tac
jup_jp01_stock_tac,jup_jp01_lm_mgolf36_stock_tac
jup_jp01_stock_tacheavy,jup_jp01_ar_golf36_stock_tacheavy
jup_jp01_stock_tacheavy,jup_jp01_lm_mgolf36_stock_tacheavy
jup_jp01_stockno,jup_jp01_ar_golf36_stockno
jup_jp02_amp,jup_bromeo2_selectauto
jup_jp02_amp,jup_bromeo2m_amp
jup_jp02_amp,jup_bromeo2m_ironsdefault
jup_jp02_amp,jup_bromeo2m_rec
jup_jp02_amp,jup_jp02_ar_bromeo2m_bar_heavy_short
jup_jp02_amp,jup_jp02_ar_bromeo2m_bar_heavy_xshort
jup_jp02_amp,jup_jp02_ar_bromeo2m_mag_20_762s
jup_jp02_amp,jup_jp02_ar_bromeo2m_mag_30_762s
jup_jp02_amp,jup_jp02_ar_bromeo2m_mag_40_762s
jup_jp02_amp,jup_jp02_ar_bromeo2m_stock_folding
jup_jp02_amp,jup_jp02_ar_bromeo2m_stockno
jup_jp02_bar,jup_jp02_ar_bromeo805_bar
jup_jp02_bar_amp,jup_jp02_sm_scharlie3_bar_amp
jup_jp02_bar_amp,jup_scharlie3_rec_amp
jup_jp02_bar_heavy,jup_jp02_ar_bromeo2m_bar_heavy
jup_jp02_bar_heavy,jup_jp02_ar_bromeo805_bar_heavy
jup_jp02_bar_heavy,jup_jp02_br_bromeo2_bar_heavy
jup_jp02_bar_heavy_long,jup_jp02_ar_bromeo2m_bar_heavy_long
jup_jp02_bar_heavy_long,jup_jp02_ar_bromeo805_bar_heavy_long
jup_jp02_bar_heavy_long,jup_jp02_br_bromeo2_bar_heavy_long
jup_jp02_bar_heavy_long_dm,jup_jp02_dm_bromeop_bar_heavy_long
jup_jp02_bar_heavy_short,jup_jp02_ar_bromeo805_bar_heavy_short
jup_jp02_bar_heavy_xlong,jup_jp02_ar_bromeo805_bar_heavy_xlong
jup_jp02_bar_heavy_xlong,jup_jp02_br_bromeo2_bar_heavy_xlong
jup_jp02_bar_heavy_xlong_dm,jup_jp02_dm_bromeop_bar_heavy_xlong
jup_jp02_bar_heavy_xshort,jup_jp02_ar_bromeo805_bar_heavy_xshort
jup_jp02_bar_lgtlong,jup_jp02_sm_scharlie3_bar_lgtlong
jup_jp02_bar_lgtshort,jup_jp02_sm_scharlie3_bar_lgtshort
jup_jp02_bar_light,jup_jp02_sm_scharlie3_bar_light
jup_jp02_bar_long,jup_jp02_ar_bromeo805_bar_long
jup_jp02_bar_precision,jup_jp02_br_bromeo2_bar_precision
jup_jp02_bar_precision,jup_jp02_dm_bromeop_bar_precision
jup_jp02_barsil,jup_jp02_sm_scharlie3_barsil
jup_jp02_drum_50_556n,jup_jp02_ar_bromeo805_drum_50_556n
jup_jp02_drum_50_9mm,jup_jp02_sm_scharlie3_drum_50_9mm
jup_jp02_mag_10_762n,jup_jp02_br_bromeo2_mag_10_762n
jup_jp02_mag_10_762n,jup_jp02_dm_bromeop_mag_10_762n
jup_jp02_mag_20_556n,jup_jp02_ar_bromeo805_mag_20_556n
jup_jp02_mag_20_762n,jup_jp02_br_bromeo2_mag_20_762n
jup_jp02_mag_20_762n,jup_jp02_dm_bromeop_mag_20_762n
jup_jp02_mag_20_9mm,jup_jp02_sm_scharlie3_mag_20_9mm
jup_jp02_mag_30_556n,jup_jp02_ar_bromeo805_mag_30_556n
jup_jp02_mag_30_762n,jup_jp02_br_bromeo2_mag_30_762n
jup_jp02_mag_30_9mm,jup_jp02_sm_scharlie3_mag_30_9mm
jup_jp02_mag_40_9mm,jup_jp02_sm_scharlie3_mag_40_9mm
jup_jp02_pgrip,jup_jp02_ar_bromeo2m_pgrip
jup_jp02_pgrip,jup_jp02_ar_bromeo805_pgrip
jup_jp02_pgrip,jup_jp02_br_bromeo2_pgrip
jup_jp02_pgrip,jup_jp02_dm_bromeop_pgrip
jup_jp02_pgrip_aim,jup_jp02_ar_bromeo805_pgrip_aim
jup_jp02_pgrip_aim,jup_jp02_br_bromeo2_pgrip_aim
jup_jp02_pgrip_aim,jup_jp02_dm_bromeop_pgrip_aim
jup_jp02_pgrip_ass,jup_jp02_ar_bromeo2m_pgrip_ass
jup_jp02_pgrip_ass,jup_jp02_ar_bromeo805_pgrip_ass
jup_jp02_pgrip_ass,jup_jp02_br_bromeo2_pgrip_ass
jup_jp02_pgrip_ass,jup_jp02_dm_bromeop_pgrip_ass
jup_jp02_pgrip_ass,jup_jp02_sm_scharlie3_pgrip_ass
jup_jp02_pgrip_grooved,jup_jp02_ar_bromeo2m_pgrip_grooved
jup_jp02_pgrip_grooved,jup_jp02_ar_bromeo805_pgrip_grooved
jup_jp02_pgrip_grooved,jup_jp02_br_bromeo2_pgrip_grooved
jup_jp02_pgrip_grooved,jup_jp02_dm_bromeop_pgrip_grooved
jup_jp02_pgrip_gtape,jup_jp02_sm_scharlie3_pgrip_gtape
jup_jp02_pgrip_light,jup_jp02_ar_bromeo805_pgrip_light
jup_jp02_pgrip_rubber,jup_jp02_sm_scharlie3_pgrip_rubber
jup_jp02_pgrip_smg,jup_jp02_sm_scharlie3_pgrip_smg
jup_jp02_stock,jup_jp02_ar_bromeo2m_stock
jup_jp02_stock,jup_jp02_br_bromeo2_stock
jup_jp02_stock,jup_jp02_dm_bromeop_stock
jup_jp02_stock_assault,jup_jp02_ar_bromeo2m_stock_assault
jup_jp02_stock_assault,jup_jp02_ar_bromeo805_stock_assault
jup_jp02_stock_assault,jup_jp02_br_bromeo2_stock_assault
jup_jp02_stock_assault,jup_jp02_sm_scharlie3_stock_assault
jup_jp02_stock_folding,jup_jp02_ar_bromeo805_stock_folding
jup_jp02_stock_folding,jup_jp02_br_bromeo2_stock_folding
jup_jp02_stock_heavy,jup_jp02_ar_bromeo2m_stock_heavy
jup_jp02_stock_heavy,jup_jp02_br_bromeo2_stock_heavy
jup_jp02_stock_heavy,jup_jp02_dm_bromeop_stock_heavy
jup_jp02_stock_heavyskel,jup_jp02_ar_bromeo2m_stock_heavyskel
jup_jp02_stock_heavyskel,jup_jp02_ar_bromeo805_stock_heavyskel
jup_jp02_stock_heavyskel,jup_jp02_br_bromeo2_stock_heavyskel
jup_jp02_stock_heavyskel,jup_jp02_dm_bromeop_stock_heavyskel
jup_jp02_stock_light,jup_jp02_ar_bromeo805_stock_light
jup_jp02_stock_precision,jup_jp02_dm_bromeop_stock_precision
jup_jp02_stock_skel,jup_jp02_sm_scharlie3_stock_skel
jup_jp02_stock_skeltac,jup_jp02_ar_bromeo805_stock_skeltac
jup_jp02_stock_skeltac,jup_jp02_sm_scharlie3_stock_skeltac
jup_jp02_stock_tac,jup_jp02_sm_scharlie3_stock_tac
jup_jp02_stock_tacheavy,jup_jp02_ar_bromeo2m_stock_tacheavy
jup_jp02_stock_tacheavy,jup_jp02_ar_bromeo805_stock_tacheavy
jup_jp02_stock_tacheavy,jup_jp02_br_bromeo2_stock_tacheavy
jup_jp02_stock_taclight,jup_jp02_ar_bromeo2m_stock_taclight
jup_jp02_stock_taclight,jup_jp02_ar_bromeo805_stock_taclight
jup_jp02_stock_taclight,jup_jp02_br_bromeo2_stock_taclight
jup_jp02_stock_taclight,jup_jp02_sm_scharlie3_stock_taclight
jup_jp02_stock_weighted,jup_jp02_ar_bromeo2m_stock_weighted
jup_jp02_stock_weighted,jup_jp02_br_bromeo2_stock_weighted
jup_jp02_stock_weighted,jup_jp02_dm_bromeop_stock_weighted
jup_jp02_stockno,jup_jp02_ar_bromeo805_stockno
jup_jp02_stockno,jup_jp02_sm_scharlie3_stockno
jup_jp03_bar,jup_jp03_ar_aromeo160_bar
jup_jp03_bar,jup_jp03_br_aromeo200_bar
jup_jp03_bar,jup_jp03_sm_pmike_bar
jup_jp03_bar_heavy,jup_jp03_ar_aromeo160_bar_heavy
jup_jp03_bar_hvylong,jup_jp03_sm_pmike_bar_hvylong
jup_jp03_bar_hvyshort,jup_jp03_ar_aromeo160_bar_hvyshort
jup_jp03_bar_long,jup_jp03_ar_aromeo160_bar_long
jup_jp03_bar_long,jup_jp03_br_aromeo200_bar_long
jup_jp03_bar_long,jup_jp03_sm_pmike_bar_long
jup_jp03_bar_short,jup_jp03_ar_aromeo160_bar_short
jup_jp03_bar_short,jup_jp03_br_aromeo200_bar_short
jup_jp03_barsil,jup_jp03_sm_pmike_barsil
jup_jp03_drum,jup_jp03_br_aromeo200_drum
jup_jp03_drum_100_556n,jup_jp03_ar_aromeo160_drum_100_556n
jup_jp03_drum_50_762n,jup_jp03_br_aromeo200_drum_50_762n
jup_jp03_drum_50_9mm,jup_jp03_sm_pmike_drum_50_9mm
jup_jp03_drum_50_9p,jup_jp03_sm_pmike_drum_50_9p
jup_jp03_mag,jup_jp03_br_aromeo200_mag
jup_jp03_mag_10_762n,jup_jp03_br_aromeo200_mag_10_762n
jup_jp03_mag_20_556n,jup_jp03_ar_aromeo160_mag_20_556n
jup_jp03_mag_20_762n,jup_jp03_br_aromeo200_mag_20_762n
jup_jp03_mag_20_9mm,jup_jp03_sm_pmike_mag_20_9mm
jup_jp03_mag_20_9p,jup_jp03_sm_pmike_mag_20_9p
jup_jp03_mag_30_556n,jup_jp03_ar_aromeo160_mag_30_556n
jup_jp03_mag_30_762n,jup_jp03_br_aromeo200_mag_30_762n
jup_jp03_mag_30_9mm,jup_jp03_sm_pmike_mag_30_9mm
jup_jp03_mag_30_9p,jup_jp03_sm_pmike_mag_30_9p
jup_jp03_mag_40_556n,jup_jp03_ar_aromeo160_mag_40_556n
jup_jp03_mag_large,jup_jp03_br_aromeo200_mag_large
jup_jp03_pgrip,jup_jp03_ar_aromeo160_pgrip
jup_jp03_pgrip,jup_jp03_sm_pmike_pgrip
jup_jp03_pgrip_aim,jup_jp03_sm_pmike_pgrip_aim
jup_jp03_pgrip_ass,jup_jp03_ar_aromeo160_pgrip_ass
jup_jp03_pgrip_ass,jup_jp03_sm_pmike_pgrip_ass
jup_jp03_pgrip_snp,jup_jp03_ar_aromeo160_pgrip_snp
jup_jp03_pgrip_tac,jup_jp03_ar_aromeo160_pgrip_tac
jup_jp03_pgrip_tac,jup_jp03_sm_pmike_pgrip_tac
jup_jp03_stock,jup_jp03_ar_aromeo160_stock
jup_jp03_stock,jup_jp03_br_aromeo200_stock
jup_jp03_stock,jup_jp03_sm_pmike_stock
jup_jp03_stock_ass,jup_jp03_sm_pmike_stock_ass
jup_jp03_stock_heavy,jup_jp03_ar_aromeo160_stock_heavy
jup_jp03_stock_heavy,jup_jp03_br_aromeo200_stock_heavy
jup_jp03_stock_light,jup_jp03_ar_aromeo160_stock_light
jup_jp03_stock_light,jup_jp03_sm_pmike_stock_light
jup_jp03_stock_precision,jup_jp03_ar_aromeo160_stock_precision
jup_jp03_stock_skel,jup_jp03_ar_aromeo160_stock_skel
jup_jp03_stock_sm,jup_jp03_br_aromeo200_stock_sm
jup_jp03_stock_sn,jup_jp03_br_aromeo200_stock_sn
jup_jp03_stock_tac,jup_jp03_ar_aromeo160_stock_tac
jup_jp03_stock_tactical,jup_jp03_br_aromeo200_stock_tactical
jup_jp03_stockno,jup_jp03_ar_aromeo160_stockno
jup_jp03_stockno,jup_jp03_sm_pmike_stockno
jup_jp04_bar,jup_jp04_sm_lwhiskey_bar
jup_jp04_bar,jup_jp04_sm_umike_bar
jup_jp04_bar_heavy,jup_jp04_sm_lwhiskey_bar_heavy
jup_jp04_bar_heavy,jup_jp04_sm_umike_bar_heavy
jup_jp04_bar_hvylong,jup_jp04_sm_lwhiskey_bar_hvylong
jup_jp04_bar_hvylong,jup_jp04_sm_umike_bar_hvylong
jup_jp04_bar_long,jup_jp04_sm_lwhiskey_bar_long
jup_jp04_bar_long,jup_jp04_sm_umike_bar_long
jup_jp04_drum_50_45acp,jup_jp04_sm_lwhiskey_drum_50_45acp
jup_jp04_drum_50_45acp,jup_jp04_sm_umike_drum_50_45acp
jup_jp04_drum_50_9mm,jup_jp04_sm_lwhiskey_drum_50_9mm
jup_jp04_mag_15_45acp,jup_jp04_sm_umike_mag_15_45acp
jup_jp04_mag_20_9mm,jup_jp04_sm_lwhiskey_mag_20_9mm
jup_jp04_mag_25_45acp,jup_jp04_sm_lwhiskey_mag_25_45acp
jup_jp04_mag_25_45acp,jup_jp04_sm_umike_mag_25_45acp
jup_jp04_mag_25_9mm,jup_jp04_sm_lwhiskey_mag_25_9mm
jup_jp04_mag_30_45acp,jup_jp04_sm_lwhiskey_mag_30_45acp
jup_jp04_mag_30_45acp,jup_jp04_sm_umike_mag_30_45acp
jup_jp04_mag_30_9mm,jup_jp04_sm_lwhiskey_mag_30_9mm
jup_jp04_mag_40_45acp,jup_jp04_sm_lwhiskey_mag_40_45acp
jup_jp04_mag_40_9mm,jup_jp04_sm_lwhiskey_mag_40_9mm
jup_jp04_mag_50_9mm,jup_jp04_sm_lwhiskey_mag_50_9mm
jup_jp04_pgrip,jup_jp04_sm_lwhiskey_pgrip
jup_jp04_pgrip,jup_jp04_sm_umike_pgrip
jup_jp04_pgrip_aim,jup_jp04_sm_lwhiskey_pgrip_aim
jup_jp04_pgrip_aim,jup_jp04_sm_umike_pgrip_aim
jup_jp04_pgrip_ass,jup_jp04_sm_lwhiskey_pgrip_ass
jup_jp04_pgrip_ass,jup_jp04_sm_umike_pgrip_ass
jup_jp04_pgrip_tac,jup_jp04_sm_lwhiskey_pgrip_tac
jup_jp04_pgrip_tac,jup_jp04_sm_umike_pgrip_tac
jup_jp04_stock_assault,jup_jp04_sm_lwhiskey_stock_assault
jup_jp04_stock_assault,jup_jp04_sm_umike_stock_assault
jup_jp04_stock_brace,jup_jp04_sm_lwhiskey_stock_brace
jup_jp04_stock_brace,jup_jp04_sm_umike_stock_brace
jup_jp04_stock_folding,jup_jp04_sm_lwhiskey_stock_folding
jup_jp04_stock_folding,jup_jp04_sm_umike_stock_folding
jup_jp04_stock_hvybrace,jup_jp04_sm_lwhiskey_stock_hvybrace
jup_jp04_stock_hvyskel,jup_jp04_sm_lwhiskey_stock_hvyskel
jup_jp04_stock_hvyskel,jup_jp04_sm_umike_stock_hvyskel
jup_jp04_stock_light,jup_jp04_sm_lwhiskey_stock_light
jup_jp04_stock_light,jup_jp04_sm_umike_stock_light
jup_jp04_stock_precision,jup_jp04_sm_lwhiskey_stock_precision
jup_jp04_stock_precision,jup_jp04_sm_umike_stock_precision
jup_jp04_stock_precision2,jup_jp04_sm_lwhiskey_stock_precision2
jup_jp04_stock_precision2,jup_jp04_sm_umike_stock_precision2
jup_jp04_stockno,jup_jp04_sm_lwhiskey_stockno
jup_jp04_stockno,jup_jp04_sm_umike_stockno
jup_jp05_bar,jup_jp05_ar_foxtrot2000_bar
jup_jp05_bar_hvylong,jup_jp05_ar_foxtrot2000_bar_hvylong
jup_jp05_bar_light,jup_jp05_ar_foxtrot2000_bar_light
jup_jp05_bar_short,jup_jp05_ar_foxtrot2000_bar_short
jup_jp05_comb_ergo,jup_jp05_ar_foxtrot2000_comb_ergo
jup_jp05_comb_heavy,jup_jp05_ar_foxtrot2000_comb_heavy
jup_jp05_comb_tac,jup_jp05_ar_foxtrot2000_comb_tac
jup_jp05_mag_20_556n,jup_jp05_ar_foxtrot2000_mag_20_556n
jup_jp05_mag_30_556n,jup_jp05_ar_foxtrot2000_mag_30_556n
jup_jp05_mag_45_556n,jup_jp05_ar_foxtrot2000_mag_45_556n
jup_jp05_mag_60_556n,jup_jp05_ar_foxtrot2000_mag_60_556n
jup_jp05_pgrip,jup_jp05_ar_foxtrot2000_pgrip
jup_jp05_pgrip_aim,jup_jp05_ar_foxtrot2000_pgrip_aim
jup_jp05_pgrip_ass,jup_jp05_ar_foxtrot2000_pgrip_ass
jup_jp05_pgrip_tac,jup_jp05_ar_foxtrot2000_pgrip_tac
jup_jp05_stock,jup_jp05_ar_foxtrot2000_stock
jup_jp05_stock_heavy,jup_jp05_ar_foxtrot2000_stock_heavy
jup_jp05_stock_padded,jup_jp05_ar_foxtrot2000_stock_padded
jup_jp05_stock_reduc,jup_jp05_ar_foxtrot2000_stock_reduc
jup_jp06_amp,jup_jp06_lm_pkilob_bar_bull
jup_jp06_amp,jup_jp06_lm_pkilob_bar_bullshort
jup_jp06_amp,jup_jp06_lm_pkilob_belt_100_762n
jup_jp06_amp,jup_jp06_lm_pkilob_belt_150_762n
jup_jp06_amp,jup_jp06_lm_pkilob_belt_200_762n
jup_jp06_amp,jup_jp06_lm_pkilob_belt_75_762n
jup_jp06_amp,jup_jp06_lm_pkilob_stock_ergo
jup_jp06_amp,jup_jp06_lm_pkilob_stock_nopad
jup_jp06_amp,jup_jp06_lm_pkilob_stock_pad
jup_jp06_amp,jup_jp06_lm_pkilob_stock_reduc
jup_jp06_amp,jup_jp06_lm_pkilob_stock_rubber
jup_jp06_amp,jup_pkilob_ironsdefault
jup_jp06_amp,jup_pkilob_rec
jup_jp06_amp,jup_pkilop_amp_bull
jup_jp06_bar,jup_jp06_lm_pkilob_bar
jup_jp06_bar,jup_jp06_lm_pkilop_bar
jup_jp06_bar_bulllong,jup_jp06_lm_pkilob_bar_bulllong
jup_jp06_bar_bulllong,jup_jp06_lm_pkilop_bar_bulllong
jup_jp06_bar_heavy,jup_jp06_lm_pkilop_bar_heavy
jup_jp06_bar_light,jup_jp06_lm_pkilob_bar_light
jup_jp06_bar_light,jup_jp06_lm_pkilop_bar_light
jup_jp06_bar_short,jup_jp06_lm_pkilob_bar_short
jup_jp06_bar_short,jup_jp06_lm_pkilop_bar_short
jup_jp06_belt_100_762n,jup_jp06_lm_pkilop_belt_100_762n
jup_jp06_belt_150_762n,jup_jp06_lm_pkilop_belt_150_762n
jup_jp06_belt_200_762n,jup_jp06_lm_pkilop_belt_200_762n
jup_jp06_belt_75_762n,jup_jp06_lm_pkilop_belt_75_762n
jup_jp06_grip_akilo,jup_jp06_lm_pkilop_grip_akilo
jup_jp06_pgrip,jup_jp06_lm_pkilob_pgrip
jup_jp06_pgrip,jup_jp06_lm_pkilop_pgrip
jup_jp06_pgrip_aim,jup_jp06_lm_pkilob_pgrip_aim
jup_jp06_pgrip_aim,jup_jp06_lm_pkilop_pgrip_aim
jup_jp06_pgrip_ass,jup_jp06_lm_pkilob_pgrip_ass
jup_jp06_pgrip_ass,jup_jp06_lm_pkilop_pgrip_ass
jup_jp06_pgrip_snp,jup_jp06_lm_pkilob_pgrip_snp
jup_jp06_pgrip_snp,jup_jp06_lm_pkilop_pgrip_snp
jup_jp06_pgrip_tac,jup_jp06_lm_pkilob_pgrip_tac
jup_jp06_pgrip_tac,jup_jp06_lm_pkilop_pgrip_tac
jup_jp06_stock_heavy,jup_jp06_lm_pkilop_stock_heavy
jup_jp06_stock_heavy2,jup_jp06_lm_pkilop_stock_heavy2
jup_jp06_stock_heavy3,jup_jp06_lm_pkilop_stock_heavy3
jup_jp06_stock_pdhv,jup_jp06_lm_pkilop_stock_pdhv
jup_jp06_stock_sp,jup_jp06_lm_pkilop_stock_sp
jup_jp06_stock_tac,jup_jp06_lm_pkilop_stock_tac
jup_jp06_stockno,jup_jp06_lm_pkilop_stockno
jup_jp06_ub_bipod,jup_jp06_lm_pkilop_ub_bipod
jup_jp07_22_45acp,jup_jp07_pi_uzulum_22_45acp
jup_jp07_bar,jup_jp07_pi_uzulum_bar
jup_jp07_bar,jup_jp07_sm_uzulu_bar
jup_jp07_bar,jup_jp07_sm_uzulup_bar
jup_jp07_bar_heavy,jup_jp07_pi_uzulum_bar_heavy
jup_jp07_bar_heavy,jup_jp07_sm_uzulu_bar_heavy
jup_jp07_bar_heavy,jup_jp07_sm_uzulup_bar_heavy
jup_jp07_bar_hvylong,jup_jp07_sm_uzulu_bar_hvylong
jup_jp07_bar_hvylong,jup_jp07_sm_uzulup_bar_hvylong
jup_jp07_bar_long,jup_jp07_sm_uzulu_bar_long
jup_jp07_bar_long,jup_jp07_sm_uzulup_bar_long
jup_jp07_bar_long2,jup_jp07_sm_uzulu_bar_long2
jup_jp07_bar_long2,jup_jp07_sm_uzulup_bar_long2
jup_jp07_bar_short,jup_jp07_pi_uzulum_bar_short
jup_jp07_bar_short,jup_jp07_sm_uzulu_bar_short
jup_jp07_bar_short,jup_jp07_sm_uzulup_bar_short
jup_jp07_bar_shortcomp,jup_jp07_pi_uzulum_bar_shortcomp
jup_jp07_bar_shortcomp,jup_jp07_sm_uzulup_bar_shortcomp
jup_jp07_barsil,jup_jp07_sm_uzulu_barsil
jup_jp07_barsil,jup_jp07_sm_uzulup_barsil
jup_jp07_drum_100_9mm,jup_jp07_sm_uzulu_drum_100_9mm
jup_jp07_drum_100_9mm,jup_jp07_sm_uzulup_drum_100_9mm
jup_jp07_mag_20_9mm,jup_jp07_pi_uzulum_mag_20_9mm
jup_jp07_mag_20_9mm,jup_jp07_sm_uzulu_mag_20_9mm
jup_jp07_mag_20_9mm,jup_jp07_sm_uzulup_mag_20_9mm
jup_jp07_mag_25_9mm,jup_jp07_pi_uzulum_mag_25_9mm
jup_jp07_mag_25_9mm,jup_jp07_sm_uzulu_mag_25_9mm
jup_jp07_mag_25_9mm,jup_jp07_sm_uzulup_mag_25_9mm
jup_jp07_mag_30_9mm,jup_jp07_pi_uzulum_mag_30_9mm
jup_jp07_mag_30_9mm,jup_jp07_sm_uzulu_mag_30_9mm
jup_jp07_mag_30_9mm,jup_jp07_sm_uzulup_mag_30_9mm
jup_jp07_mag_32_9mm,jup_jp07_pi_uzulum_mag_32_9mm
jup_jp07_mag_32_9mm,jup_jp07_sm_uzulu_mag_32_9mm
jup_jp07_mag_32_9mm,jup_jp07_sm_uzulup_mag_32_9mm
jup_jp07_mag_40_9mm,jup_jp07_sm_uzulu_mag_40_9mm
jup_jp07_mag_40_9mm,jup_jp07_sm_uzulup_mag_40_9mm
jup_jp07_mag_50_9mm,jup_jp07_sm_uzulu_mag_50_9mm
jup_jp07_mag_50_9mm,jup_jp07_sm_uzulup_mag_50_9mm
jup_jp07_pgrip,jup_jp07_pi_uzulum_pgrip
jup_jp07_pgrip,jup_jp07_sm_uzulu_pgrip
jup_jp07_pgrip,jup_jp07_sm_uzulup_pgrip
jup_jp07_pgrip_aim,jup_jp07_pi_uzulum_pgrip_aim
jup_jp07_pgrip_aim,jup_jp07_sm_uzulu_pgrip_aim
jup_jp07_pgrip_aim,jup_jp07_sm_uzulup_pgrip_aim
jup_jp07_pgrip_ass,jup_jp07_pi_uzulum_pgrip_ass
jup_jp07_pgrip_ass,jup_jp07_sm_uzulu_pgrip_ass
jup_jp07_pgrip_ass,jup_jp07_sm_uzulup_pgrip_ass
jup_jp07_pgrip_tac,jup_jp07_pi_uzulum_pgrip_tac
jup_jp07_pgrip_tac,jup_jp07_sm_uzulu_pgrip_tac
jup_jp07_pgrip_tac,jup_jp07_sm_uzulup_pgrip_tac
jup_jp07_stock_assault,jup_jp07_sm_uzulu_stock_assault
jup_jp07_stock_brace,jup_jp07_sm_uzulup_stock_brace
jup_jp07_stock_brace,jup_uzulup_akimbo
jup_jp07_stock_heavy,jup_jp07_sm_uzulu_stock_heavy
jup_jp07_stock_heavytac,jup_jp07_sm_uzulup_stock_heavytac
jup_jp07_stock_light,jup_jp07_sm_uzulu_stock_light
jup_jp07_stock_rod,jup_jp07_sm_uzulup_stock_rod
jup_jp07_stock_skelbrace,jup_jp07_pi_uzulum_stock_skelbrace
jup_jp07_stock_skelbrace,jup_jp07_sm_uzulup_stock_skelbrace
jup_jp07_stock_skeltac,jup_jp07_sm_uzulup_stock_skeltac
jup_jp07_stock_tactical,jup_jp07_sm_uzulu_stock_tactical
jup_jp07_stock_wire,jup_jp07_pi_uzulum_stock_wire
jup_jp07_stock_wire,jup_jp07_sm_uzulu_stock_wire
jup_jp07_stock_wire,jup_jp07_sm_uzulup_stock_wire
jup_jp07_stockno,jup_jp07_pi_uzulum_stockno
jup_jp07_stockno,jup_jp07_sm_uzulu_stockno
jup_jp07_stockno,jup_jp07_sm_uzulup_stockno
jup_jp07_uzulu_amp,jup_ammo_45acp
jup_jp07_uzulu_amp,jup_grip_uzulup1_amp
jup_jp07_uzulu_amp,jup_jp07_sm_uzulu_22_45acp
jup_jp07_uzulu_amp,jup_jp07_sm_uzulu_bar_amp_45
jup_jp07_uzulu_amp,jup_jp07_sm_uzulu_stock_amp_45
jup_jp07_uzulu_amp,jup_uzulu_rec_amp
jup_jp08_ar_qbravo95_amp,jup_jp08_ar_qbravo95_amp_t95
jup_jp08_ar_qbravo95_amp,jup_jp08_ar_qbravo95_bar_short
jup_jp08_ar_qbravo95_amp,jup_jp08_ar_qbravo95_mag_20_58
jup_jp08_ar_qbravo95_amp,jup_jp08_ar_qbravo95_mag_30_58
jup_jp08_ar_qbravo95_amp,jup_jp08_ar_qbravo95_mag_40_58
jup_jp08_ar_qbravo95_amp,jup_jp08_ar_qbravo95_pgrip
jup_jp08_ar_qbravo95_amp,jup_jp08_ar_qbravo95_pgrip_aim
jup_jp08_ar_qbravo95_amp,jup_jp08_ar_qbravo95_pgrip_ass
jup_jp08_ar_qbravo95_amp,jup_jp08_ar_qbravo95_pgrip_tac
jup_jp08_ar_qbravo95_amp,jup_qbravo95_ironsdefault
jup_jp08_bar,jup_jp08_ar_qbravo95_bar
jup_jp08_bar,jup_jp08_ar_qbravo97_bar
jup_jp08_bar_heavy,jup_jp08_ar_qbravo95_bar_heavy
jup_jp08_bar_heavy,jup_jp08_ar_qbravo97_bar_heavy
jup_jp08_bar_hvylong,jup_jp08_ar_qbravo95_bar_hvylong
jup_jp08_bar_hvylong,jup_jp08_ar_qbravo97_bar_hvylong
jup_jp08_bar_hvyshort,jup_jp08_ar_qbravo95_bar_hvyshort
jup_jp08_bar_hvyshort,jup_jp08_ar_qbravo97_bar_hvyshort
jup_jp08_bar_light,jup_jp08_ar_qbravo97_bar_light
jup_jp08_bar_light,jup_jp08_lm_qbravo95lsw_bar_light
jup_jp08_bar_long,jup_jp08_ar_qbravo95_bar_long
jup_jp08_bar_long,jup_jp08_ar_qbravo97_bar_long
jup_jp08_bar_short,jup_jp08_ar_qbravo97_bar_short
jup_jp08_bar_short,jup_jp08_lm_qbravo95lsw_bar_short
jup_jp08_comb_ammo,jup_jp08_ar_qbravo95_comb_ammo
jup_jp08_comb_ammo,jup_jp08_ar_qbravo97_comb_ammo
jup_jp08_comb_ammo,jup_jp08_lm_qbravo95lsw_comb_ammo
jup_jp08_comb_ergo,jup_jp08_ar_qbravo95_comb_ergo
jup_jp08_comb_ergo,jup_jp08_ar_qbravo97_comb_ergo
jup_jp08_comb_ergo,jup_jp08_lm_qbravo95lsw_comb_ergo
jup_jp08_comb_pouch,jup_jp08_ar_qbravo95_comb_pouch
jup_jp08_comb_pouch,jup_jp08_ar_qbravo97_comb_pouch
jup_jp08_comb_pouch,jup_jp08_lm_qbravo95lsw_comb_pouch
jup_jp08_comb_reduc,jup_jp08_ar_qbravo95_comb_reduc
jup_jp08_comb_reduc,jup_jp08_ar_qbravo97_comb_reduc
jup_jp08_comb_reduc,jup_jp08_lm_qbravo95lsw_comb_reduc
jup_jp08_comb_rubber,jup_jp08_ar_qbravo95_comb_rubber
jup_jp08_comb_rubber,jup_jp08_ar_qbravo97_comb_rubber
jup_jp08_comb_rubber,jup_jp08_lm_qbravo95lsw_comb_rubber
jup_jp08_comb_tac,jup_jp08_ar_qbravo95_comb_tac
jup_jp08_comb_tac,jup_jp08_ar_qbravo97_comb_tac
jup_jp08_comb_tac,jup_jp08_lm_qbravo95lsw_comb_tac
jup_jp08_drum_100_58h,jup_jp08_lm_qbravo95lsw_drum_100_58h
jup_jp08_drum_60_556n,jup_jp08_ar_qbravo97_drum_60_556n
jup_jp08_drum_60_58h,jup_jp08_lm_qbravo95lsw_drum_60_58h
jup_jp08_mag_20_556n,jup_jp08_ar_qbravo97_mag_20_556n
jup_jp08_mag_30_556n,jup_jp08_ar_qbravo97_mag_30_556n
jup_jp08_mag_30_58h,jup_jp08_lm_qbravo95lsw_mag_30_58h
jup_jp08_mag_40_556n,jup_jp08_ar_qbravo97_mag_40_556n
jup_jp08_mag_40_58h,jup_jp08_lm_qbravo95lsw_mag_40_58h
jup_jp08_pgrip,jup_jp08_ar_qbravo97_pgrip
jup_jp08_pgrip,jup_jp08_lm_qbravo95lsw_pgrip
jup_jp08_pgrip_aim,jup_jp08_ar_qbravo97_pgrip_aim
jup_jp08_pgrip_aim,jup_jp08_lm_qbravo95lsw_pgrip_aim
jup_jp08_pgrip_ass,jup_jp08_ar_qbravo97_pgrip_ass
jup_jp08_pgrip_ass,jup_jp08_lm_qbravo95lsw_pgrip_ass
jup_jp08_pgrip_tac,jup_jp08_ar_qbravo97_pgrip_tac
jup_jp08_pgrip_tac,jup_jp08_lm_qbravo95lsw_pgrip_tac
jup_jp08_stock,jup_jp08_ar_qbravo95_stock
jup_jp08_stock,jup_jp08_ar_qbravo97_stock
jup_jp08_stock_ergo,jup_jp08_ar_qbravo95_stock_ergo
jup_jp08_stock_ergo,jup_jp08_ar_qbravo97_stock_ergo
jup_jp08_stock_ergo,jup_jp08_lm_qbravo95lsw_stock_ergo
jup_jp08_stock_padded,jup_jp08_ar_qbravo95_stock_padded
jup_jp08_stock_padded,jup_jp08_ar_qbravo97_stock_padded
jup_jp08_stock_padded,jup_jp08_lm_qbravo95lsw_stock_padded
jup_jp08_stock_reduc,jup_jp08_ar_qbravo95_stock_reduc
jup_jp08_stock_reduc,jup_jp08_ar_qbravo97_stock_reduc
jup_jp08_stock_reduc,jup_jp08_lm_qbravo95lsw_stock_reduc
jup_jp08_stock_rubber,jup_jp08_ar_qbravo95_stock_rubber
jup_jp08_stock_rubber,jup_jp08_ar_qbravo97_stock_rubber
jup_jp08_stock_rubber,jup_jp08_lm_qbravo95lsw_stock_rubber
jup_jp09_bar,jup_jp09_sh_oromeo12_bar
jup_jp09_bar_long,jup_jp09_sh_oromeo12_bar_long
jup_jp09_bar_short,jup_jp09_sh_oromeo12_bar_short
jup_jp09_drum_20_12g,jup_jp09_sh_oromeo12_drum_20_12g
jup_jp09_mag_12_12g,jup_jp09_sh_oromeo12_mag_12_12g
jup_jp09_mag_5_12g,jup_jp09_sh_oromeo12_mag_5_12g
jup_jp09_mag_8_12g,jup_jp09_sh_oromeo12_mag_8_12g
jup_jp09_pgrip,jup_jp09_sh_oromeo12_pgrip
jup_jp09_pgrip_aim,jup_jp09_sh_oromeo12_pgrip_aim
jup_jp09_pgrip_ass,jup_jp09_sh_oromeo12_pgrip_ass
jup_jp09_pgrip_ass2,jup_jp09_sh_oromeo12_pgrip_ass2
jup_jp09_pgrip_snp,jup_jp09_sh_oromeo12_pgrip_snp
jup_jp09_pgrip_tac,jup_jp09_sh_oromeo12_pgrip_tac
jup_jp09_stock,jup_jp09_sh_oromeo12_stock
jup_jp09_stock_brace,jup_jp09_sh_oromeo12_stock_brace
jup_jp09_stock_heavy,jup_jp09_sh_oromeo12_stock_heavy
jup_jp09_stock_tac,jup_jp09_sh_oromeo12_stock_tac
jup_jp09_stock_taclight,jup_jp09_sh_oromeo12_stock_taclight
jup_jp09_stockno,jup_jp09_sh_oromeo12_stockno
jup_jp10_bar,jup_jp10_sn_cdelta50_bar
jup_jp10_bar_hvylong,jup_jp10_sn_cdelta50_bar_hvylong
jup_jp10_bar_hvyshort,jup_jp10_sn_cdelta50_bar_hvyshort
jup_jp10_bar_long,jup_jp10_sn_cdelta50_bar_long
jup_jp10_bar_short,jup_jp10_sn_cdelta50_bar_short
jup_jp10_barsil,jup_jp10_sn_cdelta50_barsil
jup_jp10_bolt,jup_jp10_sn_cdelta50_bolt
jup_jp10_bolt_heavy,jup_jp10_sn_cdelta50_bolt_heavy
jup_jp10_bolt_light,jup_jp10_sn_cdelta50_bolt_light
jup_jp10_guard,jup_jp10_sn_cdelta50_guard
jup_jp10_guardhvy,jup_jp10_sn_cdelta50_guardhvy
jup_jp10_guardlgt,jup_jp10_sn_cdelta50_guardlgt
jup_jp10_mag_10_50b,jup_jp10_sn_cdelta50_mag_10_50b
jup_jp10_mag_5_50b,jup_jp10_sn_cdelta50_mag_5_50b
jup_jp10_mag_7_50b,jup_jp10_sn_cdelta50_mag_7_50b
jup_jp10_pgrip,jup_jp10_sn_cdelta50_pgrip
jup_jp10_pgrip_aim,jup_jp10_sn_cdelta50_pgrip_aim
jup_jp10_pgrip_ass,jup_jp10_sn_cdelta50_pgrip_ass
jup_jp10_pgrip_tac,jup_jp10_sn_cdelta50_pgrip_tac
jup_jp10_stock,jup_jp10_sn_cdelta50_stock
jup_jp10_stock_heavy,jup_jp10_sn_cdelta50_stock_heavy
jup_jp10_stock_light,jup_jp10_sn_cdelta50_stock_light
jup_jp10_stock_skel,jup_jp10_sn_cdelta50_stock_skel
jup_jp10_stock_tac,jup_jp10_sn_cdelta50_stock_tac
jup_jp10_stockno,jup_jp10_sn_cdelta50_stockno
jup_jp12_amp,jup_jp12_bar_hvyconvert
jup_jp12_bar_hvyconvert,jup_jp12_mike93_grip_amp_vert
jup_jp12_bar_hvyconvert,jup_jp12_pi_mike93_bar_hvyconvert
jup_jp12_bar_hvyconvert,jup_jp12_pi_mike93_stock
jup_jp12_bar_hvyconvert,jup_jp12_pi_mike93_stock_brace
jup_jp12_bar_hvyconvert,jup_jp12_pi_mike93_stock_heavy
jup_jp12_bar,jup_jp12_pi_mike93_bar
jup_jp12_bar_hvylong,jup_jp12_pi_mike93_bar_hvylong
jup_jp12_bar_long,jup_jp12_pi_mike93_bar_long
jup_jp12_bar_short,jup_jp12_pi_mike93_bar_short
jup_jp12_drum_50_9mm,jup_jp12_pi_mike93_drum_50_9mm
jup_jp12_mag_15_9mm,jup_jp12_pi_mike93_mag_15_9mm
jup_jp12_mag_24_9mm,jup_jp12_pi_mike93_mag_24_9mm
jup_jp12_mag_30_9mm,jup_jp12_pi_mike93_mag_30_9mm
jup_jp12_pgrip,jup_jp12_pi_mike93_pgrip
jup_jp12_pgrip_aim,jup_jp12_pi_mike93_pgrip_aim
jup_jp12_pgrip_ass,jup_jp12_pi_mike93_pgrip_ass
jup_jp12_pgrip_ergo,jup_jp12_pi_mike93_pgrip_ergo
jup_jp12_pgrip_quick,jup_jp12_pi_mike93_pgrip_quick
jup_jp12_pgrip_tac,jup_jp12_pi_mike93_pgrip_tac
jup_jp12_stock_ammo,jup_jp12_pi_mike93_stock_ammo
jup_jp12_stock_folding,jup_jp12_pi_mike93_stock_folding
jup_jp12_stockno,jup_jp12_pi_mike93_stockno
jup_jp12_trigger,jup_jp12_pi_mike93_trigger
jup_jp12_trigger_bi,jup_jp12_pi_mike93_trigger_bi
jup_jp12_trigger_hair,jup_jp12_pi_mike93_trigger_hair
jup_jp12_trigger_heavy,jup_jp12_pi_mike93_trigger_heavy
jup_jp12_trigger_light,jup_jp12_pi_mike93_trigger_light
jup_jp12_trigger_short,jup_jp12_pi_mike93_trigger_short
jup_jp13_bar,jup_jp13_dm_svictork_bar
jup_jp13_bar,jup_jp13_sn_svictor_bar
jup_jp13_bar_classic,jup_jp13_dm_svictork_bar_classic
jup_jp13_bar_classic,jup_jp13_sn_svictor_bar_classic
jup_jp13_bar_hvylong,jup_jp13_dm_svictork_bar_hvylong
jup_jp13_bar_hvylong,jup_jp13_sn_svictor_bar_hvylong
jup_jp13_bar_long,jup_jp13_dm_svictork_bar_long
jup_jp13_bar_long,jup_jp13_sn_svictor_bar_long
jup_jp13_bar_mm,jup_jp13_dm_svictork_bar_mm
jup_jp13_bar_mm,jup_jp13_sn_svictor_bar_mm
jup_jp13_bar_short,jup_jp13_dm_svictork_bar_short
jup_jp13_bar_short,jup_jp13_sn_svictor_bar_short
jup_jp13_mag_10_338lmp,jup_jp13_sn_svictor_mag_10_338lmp
jup_jp13_mag_10_762r,jup_jp13_dm_svictork_mag_10_762r
jup_jp13_mag_15_762r,jup_jp13_dm_svictork_mag_15_762r
jup_jp13_mag_20_338lmp,jup_jp13_sn_svictor_mag_20_338lmp
jup_jp13_mag_20_762r,jup_jp13_dm_svictork_mag_20_762r
jup_jp13_mag_5_338lmp,jup_jp13_sn_svictor_mag_5_338lmp
jup_jp13_mag_5_338nm,jup_jp13_sn_svictor_mag_5_338nm
jup_jp13_pgrip,jup_jp13_dm_svictork_pgrip
jup_jp13_pgrip,jup_jp13_sn_svictor_pgrip
jup_jp13_pgrip_aim,jup_jp13_dm_svictork_pgrip_aim
jup_jp13_pgrip_aim,jup_jp13_sn_svictor_pgrip_aim
jup_jp13_pgrip_ass,jup_jp13_dm_svictork_pgrip_ass
jup_jp13_pgrip_ass,jup_jp13_sn_svictor_pgrip_ass
jup_jp13_pgrip_ass2,jup_jp13_dm_svictork_pgrip_ass2
jup_jp13_pgrip_ass2,jup_jp13_sn_svictor_pgrip_ass2
jup_jp13_pgrip_ergo,jup_jp13_dm_svictork_pgrip_ergo
jup_jp13_pgrip_ergo,jup_jp13_sn_svictor_pgrip_ergo
jup_jp13_pgrip_snp,jup_jp13_dm_svictork_pgrip_snp
jup_jp13_pgrip_snp,jup_jp13_sn_svictor_pgrip_snp
jup_jp13_pgrip_tac,jup_jp13_dm_svictork_pgrip_tac
jup_jp13_pgrip_tac,jup_jp13_sn_svictor_pgrip_tac
jup_jp13_stock_ass,jup_jp13_dm_svictork_stock_ass
jup_jp13_stock_ass,jup_jp13_sn_svictor_stock_ass
jup_jp13_stock_comptac,jup_jp13_dm_svictork_stock_comptac
jup_jp13_stock_comptac,jup_jp13_sn_svictor_stock_comptac
jup_jp13_stock_heavy,jup_jp13_sn_svictor_stock_heavy
jup_jp13_stock_hvytac,jup_jp13_dm_svictork_stock_hvytac
jup_jp13_stock_lmm,jup_jp13_dm_svictork_stock_lmm
jup_jp13_stock_lmm,jup_jp13_sn_svictor_stock_lmm
jup_jp13_stock_mm,jup_jp13_dm_svictork_stock_mm
jup_jp13_stock_mm,jup_jp13_sn_svictor_stock_mm
jup_jp13_stock_padded,jup_jp13_sn_svictor_stock_padded
jup_jp13_stock_precision,jup_jp13_sn_svictor_stock_precision
jup_jp13_stock_skel,jup_jp13_dm_svictork_stock_skel
jup_jp13_stock_skel,jup_jp13_sn_svictor_stock_skel
jup_jp13_stock_tac,jup_jp13_dm_svictork_stock_tac
jup_jp14_bar,jup_jp14_pi_rsierra12_bar
jup_jp14_bar_heavy,jup_jp14_pi_rsierra12_bar_heavy
jup_jp14_bar_hvylong,jup_jp14_pi_rsierra12_bar_hvylong
jup_jp14_bar_light,jup_jp14_pi_rsierra12_bar_light
jup_jp14_bar_short,jup_jp14_pi_rsierra12_bar_short
jup_jp14_cylinder_5_12,jup_jp14_pi_rsierra12_cylinder_5_12
jup_jp14_pgrip,jup_jp14_pi_rsierra12_pgrip
jup_jp14_pgrip_aim,jup_jp14_pi_rsierra12_pgrip_aim
jup_jp14_pgrip_ass,jup_jp14_pi_rsierra12_pgrip_ass
jup_jp14_pgrip_stippled,jup_jp14_pi_rsierra12_pgrip_stippled
jup_jp14_pgrip_tac,jup_jp14_pi_rsierra12_pgrip_tac
jup_jp14_rsierra_convert_amp,jup_jp14_pi_rsierra12_bar_amp
jup_jp14_rsierra_convert_amp,jup_jp14_pi_rsierra12_pgrip_amp
jup_jp14_rsierra_convert_amp,jup_jp14_pi_rsierra12_stock_amp
jup_jp14_rsierra_convert_amp,jup_rsierra12_convert_rec
jup_jp14_rsierra_convert_amp,jup_rsierra12_irons_stock
jup_jp14_speedloader_5_12,jup_jp14_pi_rsierra12_speedloader_5_12
jup_jp14_stock_heavy,jup_jp14_pi_rsierra12_stock_heavy
jup_jp14_stock_precision,jup_jp14_pi_rsierra12_stock_precision
jup_jp14_trigger,jup_jp14_pi_rsierra12_trigger
jup_jp14_trigger_hair,jup_jp14_pi_rsierra12_trigger_hair
jup_jp14_trigger_heavy,jup_jp14_pi_rsierra12_trigger_heavy
jup_jp14_trigger_light,jup_jp14_pi_rsierra12_trigger_light
jup_jp16_bartube,jup_jp16_sh_recho870_bartube
jup_jp16_bartube_hvylong,jup_jp16_sh_recho870_bartube_hvylong
jup_jp16_bartube_hvyshort,jup_jp16_sh_recho870_bartube_hvyshort
jup_jp16_bartube_long,jup_jp16_sh_recho870_bartube_long
jup_jp16_bartube_short,jup_jp16_sh_recho870_bartube_short
jup_jp16_bolt,jup_jp16_sh_recho870_bolt
jup_jp16_bolt_heavy,jup_jp16_sh_recho870_bolt_heavy
jup_jp16_bolt_light,jup_jp16_sh_recho870_bolt_light
jup_jp16_bolt_short,jup_jp16_sh_recho870_bolt_short
jup_jp16_guard,jup_jp16_sh_recho870_guard
jup_jp16_guard_ergo,jup_jp16_sh_recho870_guard_ergo
jup_jp16_guard_heavy,jup_jp16_sh_recho870_guard_heavy
jup_jp16_guard_skel,jup_jp16_sh_recho870_guard_skel
jup_jp16_guard_tac,jup_jp16_sh_recho870_guard_tac
jup_jp16_pgrip,jup_jp16_sh_recho870_pgrip
jup_jp16_pgrip_ass,jup_jp16_sh_recho870_pgrip_ass
jup_jp16_pgrip_skel,jup_jp16_sh_recho870_pgrip_skel
jup_jp16_pgrip_tac,jup_jp16_sh_recho870_pgrip_tac
jup_jp16_stock,jup_jp16_sh_recho870_stock
jup_jp16_stock_assault,jup_jp16_sh_recho870_stock_assault
jup_jp16_stock_folding,jup_jp16_sh_recho870_stock_folding
jup_jp16_stock_heavy,jup_jp16_sh_recho870_stock_heavy
jup_jp16_stock_precision,jup_jp16_sh_recho870_stock_precision
jup_jp16_stock_tac,jup_jp16_sh_recho870_stock_tac
jup_jp16_stockno,jup_jp16_sh_recho870_stockno
jup_jp16_tube_10_12g,jup_jp16_sh_recho870_tube_10_12g
jup_jp16_tube_4_12g,jup_jp16_sh_recho870_tube_4_12g
jup_jp16_tube_6_12g,jup_jp16_sh_recho870_tube_6_12g
jup_jp16_tube_8_12g,jup_jp16_sh_recho870_tube_8_12g
jup_jp17_bar,jup_jp17_sn_hsierra_bar
jup_jp17_bar_hvylong,jup_jp17_sn_hsierra_bar_hvylong
jup_jp17_bar_long,jup_jp17_sn_hsierra_bar_long
jup_jp17_bar_short,jup_jp17_sn_hsierra_bar_short
jup_jp17_bolt,jup_jp17_sn_hsierra_bolt
jup_jp17_bolt_heavy,jup_jp17_sn_hsierra_bolt_heavy
jup_jp17_bolt_light,jup_jp17_sn_hsierra_bolt_light
jup_jp17_mag_5_50b,jup_jp17_sn_hsierra_mag_5_50b
jup_jp17_mag_7_50b,jup_jp17_sn_hsierra_mag_7_50b
jup_jp17_pgrip,jup_jp17_sn_hsierra_pgrip
jup_jp17_pgrip_aim,jup_jp17_sn_hsierra_pgrip_aim
jup_jp17_pgrip_ass,jup_jp17_sn_hsierra_pgrip_ass
jup_jp17_pgrip_ass2,jup_jp17_sn_hsierra_pgrip_ass2
jup_jp17_pgrip_ske,jup_jp17_sn_hsierra_pgrip_ske
jup_jp17_pgrip_snp,jup_jp17_sn_hsierra_pgrip_snp
jup_jp17_pgrip_tac,jup_jp17_sn_hsierra_pgrip_tac
jup_jp17_stock,jup_jp17_sn_hsierra_stock
jup_jp17_stock_heavy,jup_jp17_sn_hsierra_stock_heavy
jup_jp17_stock_light,jup_jp17_sn_hsierra_stock_light
jup_jp17_stock_precision,jup_jp17_sn_hsierra_stock_precision
jup_jp17_stock_tac,jup_jp17_sn_hsierra_stock_tac
jup_jp19_acharlie450_amp,jup_acharlie450_rec_amp
jup_jp19_acharlie450_amp,jup_jp19_br_acharlie450_drum_50_450b
jup_jp19_bar,jup_jp19_ar_acharlie300_bar
jup_jp19_bar,jup_jp19_ar_acharlie_bar
jup_jp19_bar,jup_jp19_br_acharlie450_bar
jup_jp19_bar,jup_jp19_dm_acharlied_bar
jup_jp19_bar_heavy,jup_jp19_ar_acharlie300_bar_heavy
jup_jp19_bar_heavy,jup_jp19_ar_acharlie_bar_heavy
jup_jp19_bar_heavy,jup_jp19_br_acharlie450_bar_heavy
jup_jp19_bar_heavy,jup_jp19_dm_acharlied_bar_heavy
jup_jp19_bar_heavy2,jup_jp19_ar_acharlie_bar_heavy2
jup_jp19_bar_heavy2,jup_jp19_br_acharlie450_bar_heavy2
jup_jp19_bar_heavy2,jup_jp19_dm_acharlied_bar_heavy2
jup_jp19_bar_hvylong,jup_jp19_ar_acharlie300_bar_hvylong
jup_jp19_bar_hvylong,jup_jp19_ar_acharlie_bar_hvylong
jup_jp19_bar_hvylong2,jup_jp19_br_acharlie450_bar_hvylong2
jup_jp19_bar_hvylong2,jup_jp19_dm_acharlied_bar_hvylong2
jup_jp19_bar_hvymarksman,jup_jp19_ar_acharlie_bar_hvymarksman
jup_jp19_bar_hvymarksman,jup_jp19_br_acharlie450_bar_hvymarksman
jup_jp19_bar_hvymarksman,jup_jp19_dm_acharlied_bar_hvymarksman
jup_jp19_bar_hvyshort,jup_jp19_ar_acharlie_bar_hvyshort
jup_jp19_bar_hvyshort2,jup_jp19_ar_acharlie_bar_hvyshort2
jup_jp19_bar_hvyshort2,jup_jp19_br_acharlie450_bar_hvyshort2
jup_jp19_bar_hvyshort2,jup_jp19_dm_acharlied_bar_hvyshort2
jup_jp19_bar_lgtlong,jup_jp19_ar_acharlie_bar_lgtlong
jup_jp19_bar_long,jup_jp19_ar_acharlie_bar_long
jup_jp19_bar_marksman,jup_jp19_ar_acharlie_bar_marksman
jup_jp19_bar_marksman,jup_jp19_br_acharlie450_bar_marksman
jup_jp19_bar_marksman,jup_jp19_dm_acharlied_bar_marksman
jup_jp19_barsil,jup_jp19_ar_acharlie300_barsil
jup_jp19_barsil,jup_jp19_ar_acharlie_barsil
jup_jp19_barsil_lrg,jup_jp19_br_acharlie450_barsil
jup_jp19_barsil_lrg,jup_jp19_dm_acharlied_barsil
jup_jp19_drum_100_556n,jup_jp19_ar_acharlie_drum_100_556n
jup_jp19_drum_30_450b,jup_jp19_br_acharlie450_drum_30_450b
jup_jp19_drum_60_556n,jup_jp19_ar_acharlie_drum_60_556n
jup_jp19_drum_60_68r,jup_jp19_dm_acharlied_drum_60_68r
jup_jp19_hvyshort,jup_jp19_ar_acharlie300_hvyshort
jup_jp19_mag_10_450b,jup_jp19_br_acharlie450_mag_10_450b
jup_jp19_mag_10_68r,jup_jp19_dm_acharlied_mag_10_68r
jup_jp19_mag_15_450b,jup_jp19_br_acharlie450_mag_15_450b
jup_jp19_mag_20_450b,jup_jp19_br_acharlie450_mag_20_450b
jup_jp19_mag_20_556n,jup_jp19_ar_acharlie_mag_20_556n
jup_jp19_mag_30_556n,jup_jp19_ar_acharlie_mag_30_556n
jup_jp19_mag_30_68r,jup_jp19_dm_acharlied_mag_30_68r
jup_jp19_mag_40_556n,jup_jp19_ar_acharlie_mag_40_556n
jup_jp19_pgrip,jup_jp19_ar_acharlie300_pgrip
jup_jp19_pgrip,jup_jp19_ar_acharlie_pgrip
jup_jp19_pgrip,jup_jp19_br_acharlie450_pgrip
jup_jp19_pgrip,jup_jp19_dm_acharlied_pgrip
jup_jp19_pgrip_aim,jup_jp19_ar_acharlie300_pgrip_aim
jup_jp19_pgrip_aim,jup_jp19_ar_acharlie_pgrip_aim
jup_jp19_pgrip_aim,jup_jp19_br_acharlie450_pgrip_aim
jup_jp19_pgrip_aim,jup_jp19_dm_acharlied_pgrip_aim
jup_jp19_pgrip_ass,jup_jp19_ar_acharlie_pgrip_ass
jup_jp19_pgrip_ass,jup_jp19_br_acharlie450_pgrip_ass
jup_jp19_pgrip_ass,jup_jp19_dm_acharlied_pgrip_ass
jup_jp19_pgrip_snp,jup_jp19_ar_acharlie300_pgrip_snp
jup_jp19_pgrip_snp,jup_jp19_ar_acharlie_pgrip_snp
jup_jp19_pgrip_snp,jup_jp19_br_acharlie450_pgrip_snp
jup_jp19_pgrip_snp,jup_jp19_dm_acharlied_pgrip_snp
jup_jp19_stock_assault,jup_jp19_ar_acharlie300_stock_assault
jup_jp19_stock_assault,jup_jp19_ar_acharlie_stock_assault
jup_jp19_stock_assault,jup_jp19_br_acharlie450_stock_assault
jup_jp19_stock_assault,jup_jp19_dm_acharlied_stock_assault
jup_jp19_stock_heavy,jup_jp19_ar_acharlie_stock_heavy
jup_jp19_stock_heavy,jup_jp19_br_acharlie450_stock_heavy
jup_jp19_stock_heavy,jup_jp19_dm_acharlied_stock_heavy
jup_jp19_stock_light,jup_jp19_ar_acharlie300_stock_light
jup_jp19_stock_light,jup_jp19_ar_acharlie_stock_light
jup_jp19_stock_light,jup_jp19_br_acharlie450_stock_light
jup_jp19_stock_light,jup_jp19_dm_acharlied_stock_light
jup_jp19_stock_precision,jup_jp19_ar_acharlie_stock_precision
jup_jp19_stock_precision,jup_jp19_br_acharlie450_stock_precision
jup_jp19_stock_precision,jup_jp19_dm_acharlied_stock_precision
jup_jp19_stock_tac,jup_jp19_ar_acharlie300_stock_tac
jup_jp19_stock_tac,jup_jp19_ar_acharlie_stock_tac
jup_jp19_stock_tac,jup_jp19_br_acharlie450_stock_tac
jup_jp19_stock_tac,jup_jp19_dm_acharlied_stock_tac
jup_jp19_stock_tacheavy,jup_jp19_ar_acharlie300_stock_tacheavy
jup_jp19_stock_tacheavy,jup_jp19_ar_acharlie_stock_tacheavy
jup_jp19_stock_tacheavy,jup_jp19_br_acharlie450_stock_tacheavy
jup_jp19_stockno,jup_jp19_ar_acharlie_stockno
jup_jp19_stockno,jup_jp19_br_acharlie450_stockno
jup_jp20_bar,jup_jp20_lm_evictor_bar
jup_jp20_bar_heavy,jup_jp20_lm_evictor_bar_heavy
jup_jp20_bar_long,jup_jp20_lm_evictor_bar_long
jup_jp20_bar_short,jup_jp20_lm_evictor_bar_short
jup_jp20_belt_100_556n,jup_jp20_lm_evictor_belt_100_556n
jup_jp20_belt_100_762n,jup_jp20_lm_evictor_belt_100_762n
jup_jp20_belt_150_762n,jup_jp20_lm_evictor_belt_150_762n
jup_jp20_belt_200_556n,jup_jp20_lm_evictor_belt_200_556n
jup_jp20_belt_50_762n,jup_jp20_lm_evictor_belt_50_762n
jup_jp20_pgrip,jup_jp20_lm_evictor_pgrip
jup_jp20_pgrip_aim,jup_jp20_lm_evictor_pgrip_aim
jup_jp20_pgrip_ass,jup_jp20_lm_evictor_pgrip_ass
jup_jp20_pgrip_tac,jup_jp20_lm_evictor_pgrip_tac
jup_jp20_stock,jup_jp20_lm_evictor_stock
jup_jp20_stock_assault,jup_jp20_lm_evictor_stock_assault
jup_jp20_stock_heavy,jup_jp20_lm_evictor_stock_heavy
jup_jp20_stock_precision,jup_jp20_lm_evictor_stock_precision
jup_jp20_stock_skel,jup_jp20_lm_evictor_stock_skel
jup_jp20_stock_weighted,jup_jp20_lm_evictor_stock_weighted
jup_jp25_bar,jup_jp25_ar_talpha95_bar
jup_jp25_bar,jup_jp25_sm_talpham_bar
jup_jp25_bar_hvy,jup_jp25_ar_talpha95_bar_hvy
jup_jp25_bar_hvylong,jup_jp25_ar_talpha95_bar_hvylong
jup_jp25_bar_lgtlong,jup_jp25_ar_talpha95_bar_lgtlong
jup_jp25_bar_light,jup_jp25_ar_talpha95_bar_light
jup_jp25_bar_light,jup_jp25_sm_talpham_bar_light
jup_jp25_bar_long,jup_jp25_ar_talpha95_bar_long
jup_jp25_bar_shorthvy,jup_jp25_ar_talpha95_bar_shorthvy
jup_jp25_bar_shorthvy,jup_jp25_sm_talpham_bar_shorthvy
jup_jp25_bar_shortlight,jup_jp25_sm_talpham_bar_shortlight
jup_jp25_bar_xlong,jup_jp25_ar_talpha95_bar_xlong
jup_jp25_bar_xshort,jup_jp25_sm_talpham_bar_xshort
jup_jp25_barsil,jup_jp25_ar_talpha95_barsil
jup_jp25_barsil,jup_jp25_sm_talpham_barsil
jup_jp25_comb_ammo,jup_jp25_ar_talpha95_comb_ammo
jup_jp25_comb_ammo,jup_jp25_sm_talpham_comb_ammo
jup_jp25_comb_ergo,jup_jp25_ar_talpha95_comb_ergo
jup_jp25_comb_ergo,jup_jp25_sm_talpham_comb_ergo
jup_jp25_comb_pouch,jup_jp25_ar_talpha95_comb_pouch
jup_jp25_comb_pouch,jup_jp25_sm_talpham_comb_pouch
jup_jp25_comb_tac,jup_jp25_ar_talpha95_comb_tac
jup_jp25_comb_tac,jup_jp25_sm_talpham_comb_tac
jup_jp25_comb_weighted,jup_jp25_ar_talpha95_comb_weighted
jup_jp25_comb_weighted,jup_jp25_sm_talpham_comb_weighted
jup_jp25_drum_60_556n,jup_jp25_ar_talpha95_drum_60_556n
jup_jp25_mag_20_556n,jup_jp25_ar_talpha95_mag_20_556n
jup_jp25_mag_30_556n,jup_jp25_ar_talpha95_mag_30_556n
jup_jp25_mag_30_9mm_amp,jup_jp25_ar_talpha95_mag_30_9mm_amp
jup_jp25_mag_40_556n,jup_jp25_ar_talpha95_mag_40_556n
jup_jp25_pgrip_aim,jup_jp25_ar_talpha95_pgrip_aim
jup_jp25_pgrip_aim,jup_jp25_sm_talpham_pgrip_aim
jup_jp25_pgrip_ass,jup_jp25_ar_talpha95_pgrip_ass
jup_jp25_pgrip_ass,jup_jp25_sm_talpham_pgrip_ass
jup_jp25_pgrip_tac,jup_jp25_ar_talpha95_pgrip_tac
jup_jp25_pgrip_tac,jup_jp25_sm_talpham_pgrip_tac
jup_jp25_sm_mag,jup_jp25_sm_talpham_mag_9p
jup_jp25_sm_mag_large,jup_jp25_sm_talpham_mag_large_9p
jup_jp25_sm_mag_xl,jup_jp25_sm_talpham_mag_xl_9p
jup_jp25_stock,jup_jp25_ar_talpha95_stock
jup_jp25_stock,jup_jp25_sm_talpham_stock
jup_jp25_stock_hvy,jup_jp25_ar_talpha95_stock_hvy
jup_jp25_stock_hvy,jup_jp25_sm_talpham_stock_hvy
jup_jp25_stock_hvy_ass,jup_jp25_ar_talpha95_stock_hvy_ass
jup_jp25_stock_hvy_ass,jup_jp25_sm_talpham_stock_hvy_ass
jup_jp25_stock_tac,jup_jp25_ar_talpha95_stock_tac
jup_jp25_stock_tac,jup_jp25_sm_talpham_stock_tac
jup_jp25_stock_taclight,jup_jp25_ar_talpha95_stock_taclight
jup_jp25_stock_taclight,jup_jp25_sm_talpham_stock_taclight
jup_jp31_bar_limb,jup_jp31_dm_compound_bar_limb
jup_jp31_bar_limb_hvy,jup_jp31_dm_compound_bar_limb_hvy
jup_jp31_bar_limb_lgt,jup_jp31_dm_compound_bar_limb_lgt
jup_jp31_bar_limb_tac,jup_jp31_dm_compound_bar_limb_tac
jup_jp31_bgrip,jup_jp31_dm_compound_bgrip
jup_jp31_bolt,jup_jp31_dm_compound_bolt
jup_jp31_bolt_hvy,jup_jp31_dm_compound_bolt_hvy
jup_jp31_bolt_lgt,jup_jp31_dm_compound_bolt_lgt
jup_jp31_bolt_tac,jup_jp31_dm_compound_bolt_tac
jup_jp31_comb,jup_jp31_dm_compound_comb
jup_jp31_comb_hvy,jup_jp31_dm_compound_comb_hvy
jup_jp31_comb_lgt,jup_jp31_dm_compound_comb_lgt
jup_jp31_comb_tac,jup_jp31_dm_compound_comb_tac
jup_jp31_mag,jup_jp31_dm_compound_mag
jup_jp31_stock,jup_jp31_dm_compound_stock
jup_jp31_stock_hvy,jup_jp31_dm_compound_stock_hvy
jup_jp31_stock_lgt,jup_jp31_dm_compound_stock_lgt
jup_jp31_stock_tac,jup_jp31_dm_compound_stock_tac
jup_jp31_trig,jup_jp31_dm_compound_trig
jup_jp31_trig_hvy,jup_jp31_dm_compound_trig_hvy
jup_jp31_trig_lgt,jup_jp31_dm_compound_trig_lgt
jup_jp31_trig_tac,jup_jp31_dm_compound_trig_tac
jup_jp32_bar,jup_jp32_pi_mpapa9_bar
jup_jp32_bar_heavy,jup_jp32_pi_mpapa9_bar_heavy
jup_jp32_bar_light,jup_jp32_pi_mpapa9_bar_light
jup_jp32_bar_long,jup_jp32_pi_mpapa9_bar_long
jup_jp32_drum,jup_jp32_pi_mpapa9_drum
jup_jp32_mag,jup_jp32_pi_mpapa9_mag
jup_jp32_mag_large,jup_jp32_pi_mpapa9_mag_large
jup_jp32_mag_small,jup_jp32_pi_mpapa9_mag_small
jup_jp32_pgrip_aim,jup_jp32_pi_mpapa9_pgrip_aim
jup_jp32_pgrip_ass,jup_jp32_pi_mpapa9_pgrip_ass
jup_jp32_pgrip_tac,jup_jp32_pi_mpapa9_pgrip_tac
jup_jp32_stock_assault,jup_jp32_pi_mpapa9_stock_assault
jup_jp32_stock_skel,jup_jp32_pi_mpapa9_stock_skel
jup_jp32_stock_tactical,jup_jp32_pi_mpapa9_stock_tactical
jup_jp32_stockno,jup_jp32_pi_mpapa9_stockno
jup_jp34_bar,jup_jp34_ar_balpha27_bar
jup_jp34_bar_burst,jup_jp34_ar_balpha27_bar_burst
jup_jp34_bar_heavy,jup_jp34_ar_balpha27_bar_heavy
jup_jp34_bar_light,jup_jp34_ar_balpha27_bar_light
jup_jp34_bar_long,jup_jp34_ar_balpha27_bar_long
jup_jp34_bar_scatter,jup_jp34_ar_balpha27_bar_scatter
jup_jp34_barsil,jup_jp34_ar_balpha27_barsil
jup_jp34_mag,jup_jp34_ar_balpha27_mag
jup_jp34_pgrip_aim,jup_jp34_ar_balpha27_pgrip_aim
jup_jp34_pgrip_ass,jup_jp34_ar_balpha27_pgrip_ass
jup_jp34_pgrip_snp,jup_jp34_ar_balpha27_pgrip_snp
jup_jp34_pgrip_tac,jup_jp34_ar_balpha27_pgrip_tac
jup_jp34_stock,jup_jp34_ar_balpha27_stock
jup_jp34_stock_heavy,jup_jp34_ar_balpha27_stock_heavy
jup_jp34_stock_light,jup_jp34_ar_balpha27_stock_light
jup_jp34_stock_tactical,jup_jp34_ar_balpha27_stock_tactical
jup_jp35_bar,jup_jp35_sn_moscar_bar
jup_jp35_bar_blund,jup_jp35_sn_moscar_bar_blund
jup_jp35_bar_charge,jup_jp35_sn_moscar_bar_charge
jup_jp35_bar_heavy,jup_jp35_sn_moscar_bar_heavy
jup_jp35_bar_light,jup_jp35_sn_moscar_bar_light
jup_jp35_bar_long,jup_jp35_sn_moscar_bar_long
jup_jp35_bar_short,jup_jp35_sn_moscar_bar_short
jup_jp35_bolt,jup_jp35_sn_moscar_bolt
jup_jp35_bolt_hvy,jup_jp35_sn_moscar_bolt_hvy
jup_jp35_bolt_light,jup_jp35_sn_moscar_bolt_light
jup_jp35_pgrip,jup_jp35_sn_moscar_pgrip
jup_jp35_pgrip_aim,jup_jp35_sn_moscar_pgrip_aim
jup_jp35_pgrip_ass,jup_jp35_sn_moscar_pgrip_ass
jup_jp35_pgrip_skel,jup_jp35_sn_moscar_pgrip_skel
jup_jp35_pgrip_tac,jup_jp35_sn_moscar_pgrip_tac
jup_jp35_stock,jup_jp35_sn_moscar_stock
jup_jp35_stock_hvy,jup_jp35_sn_moscar_stock_hvy
jup_jp35_stock_lgt,jup_jp35_sn_moscar_stock_lgt
jup_jp35_stock_tac,jup_jp35_sn_moscar_stock_tac
jup_jp35_stockno,jup_jp35_sn_moscar_stockno
jup_jp36_bar,jup_jp36_sn_boscar_bar
jup_jp36_bar_amp,jup_jp36_ar_anov94_bar_amp
jup_jp36_bar_heavy,jup_jp36_ar_anov94_bar_heavy
jup_jp36_bar_lgtshort,jup_jp36_ar_anov94_bar_lgtshort
jup_jp36_bar_light,jup_jp36_ar_anov94_bar_light
jup_jp36_bar_long,jup_jp36_sn_boscar_bar_long
jup_jp36_bar_short,jup_jp36_sn_boscar_bar_short
jup_jp36_barsil,jup_jp36_sn_boscar_barsil
jup_jp36_bolt,jup_jp36_sn_boscar_bolt
jup_jp36_bolt_heavy,jup_jp36_sn_boscar_bolt_heavy
jup_jp36_bolt_light,jup_jp36_sn_boscar_bolt_light
jup_jp36_mag_10_762s,jup_jp36_sn_boscar_mag_10_762s
jup_jp36_mag_20_545,jup_jp36_ar_anov94_mag_20_545
jup_jp36_mag_30_545,jup_jp36_ar_anov94_mag_30_545
jup_jp36_mag_30_762s,jup_jp36_sn_boscar_mag_30_762s
jup_jp36_mag_45_545,jup_jp36_ar_anov94_mag_45_545
jup_jp36_mag_60_545,jup_jp36_ar_anov94_mag_60_545
jup_jp36_pgrip,jup_jp36_ar_anov94_pgrip
jup_jp36_pgrip,jup_jp36_sn_boscar_pgrip
jup_jp36_pgrip_ass,jup_jp36_ar_anov94_pgrip_ass
jup_jp36_pgrip_ass,jup_jp36_sn_boscar_pgrip_ass
jup_jp36_pgrip_ass2,jup_jp36_ar_anov94_pgrip_ass2
jup_jp36_pgrip_ass2,jup_jp36_sn_boscar_pgrip_ass2
jup_jp36_pgrip_skelsnp,jup_jp36_ar_anov94_pgrip_skelsnp
jup_jp36_pgrip_skelsnp,jup_jp36_sn_boscar_pgrip_skelsnp
jup_jp36_pgrip_skeltac,jup_jp36_ar_anov94_pgrip_skeltac
jup_jp36_pgrip_skeltac,jup_jp36_sn_boscar_pgrip_skeltac
jup_jp36_sn_boscar_86b_amp,jup_ammo_86b
jup_jp36_sn_boscar_86b_amp,jup_boscar_irons_amp
jup_jp36_sn_boscar_86b_amp,jup_jp36_sn_boscar_mag_20_762s
jup_jp36_sn_boscar_86b_amp,jup_rec_boscar_amp
jup_jp36_stock_ass,jup_jp36_ar_anov94_stock_ass
jup_jp36_stock_ass,jup_jp36_sn_boscar_stock_ass
jup_jp36_stock_comptac,jup_jp36_ar_anov94_stock_comptac
jup_jp36_stock_comptac,jup_jp36_sn_boscar_stock_comptac
jup_jp36_stock_heavy,jup_jp36_ar_anov94_stock_heavy
jup_jp36_stock_heavy,jup_jp36_sn_boscar_stock_heavy
jup_jp36_stock_lmm,jup_jp36_ar_anov94_stock_lmm
jup_jp36_stock_lmm,jup_jp36_sn_boscar_stock_lmm
jup_jp36_stock_mm,jup_jp36_ar_anov94_stock_mm
jup_jp36_stock_mm,jup_jp36_sn_boscar_stock_mm
jup_jp36_stock_precision,jup_jp36_ar_anov94_stock_precision
jup_jp36_stock_precision,jup_jp36_sn_boscar_stock_precision
jup_jp36_stock_skel,jup_jp36_ar_anov94_stock_skel
jup_jp36_stock_skel,jup_jp36_sn_boscar_stock_skel
jup_jp36_stock_tac,jup_jp36_ar_anov94_stock_tac
jup_jp36_stock_tac,jup_jp36_sn_boscar_stock_tac
jup_jp36_stockno,jup_jp36_ar_anov94_stockno
jup_jp36_stockno,jup_jp36_sn_boscar_stockno
jup_las_fourx01,jup_las_fourx01_tall
jup_las_minireddot01,jup_las_minireddot01_laser
jup_minireddot01,jup_minireddot01_pstl
jup_minireddot01,jup_minireddot01_tall
jup_minireddot_hor,jup_minireddot_hor_pstl
jup_minireddot_hor,jup_minireddot_hor_tall
jup_reflex01,jup_reflex01_tall
jup_reflex02,jup_reflex02_tall
jup_reflex03,jup_reflex03_tall
jup_reflex04,jup_reflex04_tall
jup_reflex05,jup_reflex05_pstl
jup_reflex05,jup_reflex05_tall
jup_reflex07,jup_reflex07_pstl
jup_reflex07,jup_reflex07_tall
jup_twofivex_golf36,jup_twofivex_mgolf36
jup_xmike5_lever_amp,jup_cp08_br_xmike5_lever_stock_amp
jup_xmike5_lever_amp,jup_cp08_br_xmike5_lever_stockno_amp
jup_xmike5_lever_amp,jup_cp08_br_xmike5_mag_amp
jup_xmike5_lever_amp,jup_xmike5_rec_amp
jup_arscope_vz01_rsierra,jup_arscope_vz01_rsierra_amp
jup_arscope_vz02_rsierra,jup_arscope_vz02_rsierra_amp
jup_jp01_ar_golf36_dbar_amp,jup_jp01_ar_golf36_bar_amp_dbar
jup_jp01_bar_adverse_amp,jup_jp01_lm_mgolf36_amps
jup_jp01_bar_adverse_amp,jup_jp01_lm_mgolf36_bar_adverse_amp
jup_jp01_bar_adverse_amp,jup_mgolf36_amp_rec2
jup_jp01_bar_adverse_amp,jup_mgolf36_amp_selectauto2
jup_jp05_9mm_amp,jup_jp05_ar_foxtrot2000_9mm_amp
jup_jp09_sh_oromeo12_ss_amp,jup_jp09_sh_oromeo12_drum_amp_410g
jup_jp09_sh_oromeo12_ss_amp,jup_oromeo12_amp_rec
jup_reflex_proj,jup_reflex_proj_pstl
jup_reflex_proj,jup_reflex_proj_tall
jup_xmike5_lever_amp,jup_iron_xmike5_amp
